{
  "val": {
    "MAE": 5.8329033851623535,
    "RMSE": 8.191146850585938,
    "R2": 0.31491005420684814
  },
  "test": {
    "MAE": 6.741944789886475,
    "RMSE": 9.968851089477539,
    "R2": 0.2597504258155823
  },
  "auroc": 0.8236124687737592,
  "ablation": {
    "A": {
      "MAE": 6.8151960372924805,
      "RMSE": 12.077527046203613,
      "R2": -0.08653557300567627
    },
    "B": {
      "MAE": 6.799650192260742,
      "RMSE": 11.851898193359375,
      "R2": -0.0463181734085083
    },
    "C": {
      "MAE": 6.81411075592041,
      "RMSE": 12.065657615661621,
      "R2": -0.08440113067626953
    },
    "D": {
      "MAE": 6.802330493927002,
      "RMSE": 11.879584312438965,
      "R2": -0.051212430000305176
    },
    "E": {
      "MAE": 7.0811848640441895,
      "RMSE": 11.046859741210938,
      "R2": 0.09099626541137695
    },
    "F": {
      "MAE": 6.8377299308776855,
      "RMSE": 12.150715827941895,
      "R2": -0.09974420070648193
    }
  }
}